Embedding,AV,AC,PR,UI,S,C,I,A
ATTACK-BERT,0.8753712462875372,0.8704212957870421,0.6986030139698604,0.8867011329886701,0.8506214937850621,0.7923220767792322,0.7914420855791442,0.7736222637773622
nomic,0.8451215487845122,0.8661313386866132,0.6142338576614234,0.8466615333846661,0.8210317896821032,0.7224727752722473,0.7218127818721812,0.7134528654713452
all-MiniLM,0.8834011659883401,0.8729512704872952,0.6991530084699153,0.8835111648883511,0.8601913980860192,0.7792322076779232,0.7752722472775272,0.7682323176768232
