model,mse,mae,rmse
phi4,2.6221200000000002,1.2144000000000001,1.6192961433907018
mistral,3.1324100000000006,1.3195,1.7698615765081744
qwen2.5_14b,2.31879,1.0545,1.5227573674095292
llama3.2,3.065825825825826,1.3335335335335334,1.7509499781049789
gemma3_12b,2.65268,1.2402,1.6287050070531497
